<?xml version="1.0" encoding="UTF-8"?>
<!DOCTYPE mapper
  PUBLIC "-//mybatis.org//DTD Mapper 3.0//EN"
  "https://mybatis.org/dtd/mybatis-3-mapper.dtd">
<mapper namespace="com.project.lms.repository.MemberMapper">
	<!-- 학생 회원가입 -->
	<insert id="joinMember" parameterType="member">
		<selectKey keyProperty="member_no" resultType="long" order="BEFORE">
			select seq_member.nextval from dual
		</selectKey>
		insert into member (
			member_no,
			member_id,
			member_password,
			member_name,
			member_email,
			password_question,
			password_answer
		) values (
			#{member_no},
			#{member_id},
			#{member_password},
			#{member_name},
			#{member_email},
			#{password_question},
			#{password_answer}
		)
	</insert>
	<!-- 아이디로 계정 찾기 -->
	<select id="findMemberById" resultType="member">
		select * from member
		where member_id = #{member_id}
	</select>
	<!-- 아이디 찾기 -->
	<select id="findId" resultType="member">
		select member_id
		from member
		where
			member_name = #{member_name}
			and member_email = #{member_email}
	</select>
	<!-- 비밀번호 찾기 -->
	<select id="findPassword" resultType="member">
		select member_id
		from member
		where
			member_id = #{member_id}
			and member_name = #{member_name}
			and member_email = #{member_email}
	</select>
	<select id="findPassword2" resultType="member">
		select member_id
		from member
		where
		password_question = #{password_question}
		 password_answer = #{password_answer}
	</select>
	<!-- 비밀번호 수정 -->
	<update id="updatePassword">
		update member set member_password = #{member_password} where member_id = #{member_id}
	</update>
	<!-- 개인정보 수정 -->
	<update id="updateMember">
		update member
		<set>
			<if test="member_password != null"> member_password = #{member_password},</if>
			<if test="member_name != null"> member_name = #{member_name},</if>
			<if test="member_email != null"> member_email = #{member_email},</if>
			<if test="password_question != null"> password_question = #{password_question},</if>
			<if test="password_answer != null"> password_answer = #{password_answer}</if>
		</set>
		where member_no = #{member_no}
	</update>
</mapper>